"0","d3 <- deg %>% 
  mutate(
   ocupacion = case_when(
      
      is.na(ocupacion) ~ NA_character_,
      
      str_detect(ocupacion,
                 ""Empresa privada|Empresa y educacion superior|Iniciativa privada|Particular y docencia"") ~
        ""Empresa privada"",
    
      str_detect(ocupacion,
                 ""Corporación Municipal|Corporación municipal y universidad|Estado o Municipalidad|Parlamentario|Universidad y Estado "") ~
        ""Estado o Municipalidad"",
      
      
      str_detect(ocupacion,
                 ""Universidad u otro centro de educación superior|Universidad y Estado"") ~
        ""Universidad u otro centro de educación superior"",
      
      str_detect(ocupacion,
                 ""No estoy trabajando|Curso el doctorado en psicología PUCV|Estudio en la Universidad.|soy estudiante de pregrado"") ~
        ""No estoy trabajando"",
      str_detect(ocupacion,
                 ""Independiente y fundación|ONG|Organizacion internacional + Cooperativa de trabajo"") ~
        ""ONG"",
      str_detect(ocupacion,
                 """") ~
        ""Prefiero no responder"",
      str_detect(ocupacion,
                 ""Depende|Fia|Independiente|Educación Ejército|Hospital Público|Servicio público|Solía trabajar en ONG/Centro de estudios, actualmente en sector público|Y atención particular en mi centro"") ~
        ""Otro""
    )
  )
"
"1","[1m[33mError[39m in `mutate()`:[22m
[38;5;255m[36mℹ[38;5;255m In argument: `ocupacion =
  case_when(...)`.[39m
[1mCaused by error in `case_when()`:[22m
[38;5;255m[33m![38;5;255m Failed to evaluate the left-hand
  side of formula 7.[39m
[1mCaused by error in `str_detect()`:[22m
[38;5;255m[33m![38;5;255m `pattern` can't be the empty
  string (`""""`).[39m
Backtrace:
[90m  1. [39mdeg %>% ...
[90m 13. [39m[1m[94mstringr::str_detect([39m[22mocupacion, """"[1m[94m)[39m[22m
"
